"course_id";"instructor_id";"program_id";"course_code";"course_name";"department";"credit_hours";"prerequisites";"school_year";"semester"
1;0;1;"GEC-TCW";"The Contemporary World";"COED";3;"none";"2023-2024";"1"
2;0;1;"GEC-AA";"Art Appreciation";"COED";3;"none";"2023-2024";"1"
3;0;1;"GEC-US";"Understanding the Self";"COED";3;"none";"2023-2024";"1"
4;0;1;"ED 111/ED-FC 1/ProfEd-E 211";"The Child and Adolescent Learner and Learning Principles";"COED";3;"none";"2023-2024";"1"
5;0;1;"ED 112/ED-FC 2/ProfEd-E 323";"The Teaching Profession";"COED";3;"none";"2023-2024";"1"
6;0;1;"TLE 111/MC 2";"Edukasyong Pantahanan at Pangkabuhayan";"COED";3;"none";"2023-2024";"1"
7;0;1;"VED 112/MC 3";"Good Manners and Right Conduct (Edukasyon sa Pagpakatao)";"COED";3;"none";"2023-2024";"1"
8;0;1;"PATHFit 1";"Physical Activities Towards Health and Fitness 1: Movement Compentency Training";"COED";2;"none";"2023-2024";"1"
9;0;1;"NSTP 1";"National Service Training Program 1 (CWTS 1/LTS 1/ROTC 1)";"COED";3;"none";"2023-2024";"1"
10;0;1;"GEC-LWR";"Life and Works of Rizal";"COED";3;"none";"2023-2024";"2"
11;0;1;"GEC-MMW";"Mathematics in the Modern World";"COED";3;"none";"2023-2024";"2"
12;0;1;"GEC-E";"Ethics";"COED";3;"none";"2023-2024";"2"
13;0;1;"ED 123";"Facilitating Learner-Centered Teaching";"COED";3;"none";"2023-2024";"2"
14;0;1;"ED 124/ED-FC 3";"Foundation of Special and Inclusive Education";"COED";3;"none";"2023-2024";"2"
15;0;1;"TLE 123/MC 3";"Edukasyung Pantahanan at Pangkabuhayan with Entrepreneurship";"COED";3;"none";"2023-2024";"2"
16;0;1;"FIL 124/MC 4";"Pagtuturo ng Filipino sa Elementary(I)- Estruktura at Gamit ng Wikang Filipino";"COED";3;"none";"2023-2024";"2"
17;0;1;"PATHFit 2";"Physical Activities Towards Health and Fitness 2: Exercise-based Fitness Activities";"COED";2;"PATHFit 1";"2023-2024";"2"
18;0;1;"NSTP 2";"National Service Training Program 2 (CWTS 2/LTS 2/ROTC 2)";"COED";3;"NSTP 1";"2023-2024";"2"
19;0;1;"GEC-PC";"Purposive Communication";"COED";3;"none";"2023-2024";"1"
20;0;1;"GEC-STS";"Science,Technology, and Society";"COED";3;"none";"2023-2024";"1"
21;0;1;"GEE-KKF";"Kontekstuwalisadong Komunikasyon sa Filipino";"COED";3;"none";"2023-2024";"1"
22;0;1;"ED 215/ProfEd-E 324";"Technology for Teaching and Learning 1";"COED";3;"none";"2023-2024";"1"
23;0;1;"ED 216/ProfEd-E 312";"Assessment Learning 1";"COED";3;"none";"2023-2024";"1"
24;0;1;"ARTS-M 215/MC 5";"Teaching Arts in Elementary Grades";"COED";3;"none";"2023-2024";"1"
25;0;1;"FIL 216/MC 6";"Pagtuturo ng Filipino sa Elementarya (II) Panitikan ng Pilipinas";"COED";3;"none";"2023-2024";"1"
26;0;1;"TTL 217/MC 7";"Pagtuturo ng Filipino sa Elementary Grades";"COED";3;"none";"2023-2024";"1"
27;0;1;"TD 1";"Into to Design and Fundamentals Sketching";"COED";3;"none";"2023-2024";"1"
28;0;1;"PATHFit 3";"Physical Activities Towards Health and Fitness 3: Dance/Sports/Martial Arts/Group Exercise/Outdoor Adventure Activities";"COED";2;"PHATFit 1 and 2";"2023-2024";"1"
29;0;1;"GEC-RPH";"Reading Philippine History";"COED";3;"none";"2023-2024";"2"
30;0;1;"GEE-GSPS";"Gender and Society with Peace Studies";"COED";3;"none";"2023-2024";"2"
31;0;1;"ED 227";"Assessment in Learning 2";"COED";3;"ED 216/ProfEd-E 312";"2023-2024";"2"
32;0;1;"ED 228";"The Teacher and The Community, School Culture and Organizational Leadership";"COED";3;"none";"2023-2024";"2"
33;0;1;"PEH 228/MC 8";"Teaching PE and Health in the Elementary Grades";"COED";3;"none";"2023-2024";"2"
34;0;1;"MTB-MLE 229/MC 9";"Content and Pedagogy for the Mother-Tongue";"COED";3;"none";"2023-2024";"2"
35;0;1;"SSC 2210/MC 10";"Teaching Social Studies in the Elementary Grades (Culture and Geography)";"COED";3;"none";"2023-2024";"2"
36;0;1;"MUSIC 2211/MC 11";"Teaching Music in the Elementary Grades";"COED";3;"none";"2023-2024";"2"
37;0;1;"PATHFit 4";"Physical Activities Towards Health and Fitness 4: Dance/Sports/Martial Arts/Group Exercise/Outdoor Adventure Activities";"COED";2;"PHATFit 3";"2023-2024";"2"
38;0;1;"GEE-TEM";"The Entrepreneurial Mind";"COED";3;"None";"2021-2022";"1"
39;0;1;"GEE-ICC";"Indigenous Creative Crafts";"COED";3;"None";"2021-2022";"1"
40;0;1;"GEE-LIE";"Living in the IT Era";"COED";3;"None";"2021-2022";"1"
41;0;1;"GEE-FE";"Functional English";"COED";3;"None";"2021-2022";"1"
42;0;1;"ED 319";"The Teacher amd the School Curriculum";"COED";3;"None";"2021-2022";"1"
43;0;1;"ED 3110";"Building and Enhancing New Literacies Across the Curriculum";"COED";3;"None";"2021-2022";"1"
44;0;1;"MATH 3112/MC 12";"Teaching Math in the Primary Grades";"COED";3;"None";"2021-2022";"1"
45;0;1;"ENG 3113/MC 13";"Teaching English in the Elementary Grades (Language Arts)";"COED";3;"None";"2021-2022";"1"
46;0;1;"SCI 3115/MC 14";"Teaching Science in the Elementary Grades (Biology and Chemistry)";"COED";3;"None";"2021-2022";"1"
47;0;1;"ENG 3215/MC 15";"Teaching Engliah in Elementary Grades Through Literature";"COED";3;"None";"2021-2022";"2"
48;0;1;"MATH 3216/MC 16";"Teaching Math in Intermediate Grades";"COED";3;"None";"2021-2022";"2"
49;0;1;"SSC 3217/MC 17";"Teaching Social Studies in Elementary Grades(Philippine History and Government)";"COED";3;"None";"2021-2022";"2"
50;0;1;"SCI 3218/MC 18";"Teaching Science in the Elementary Grades (Physics, Earth and Space Science)";"COED";3;"None";"2021-2022";"2"
51;0;1;"RES 3219/MC 19";"Research in Education 1";"COED";3;"None";"2021-2022";"2"
52;0;1;"Prof.Elec 1";"Teaching Multi-Grade Classes";"COED";3;"None";"2021-2022";"2"
53;0;1;"ED 3211/ED-LE 1";"Learning Enhancement 1";"COED";5;"None";"2021-2022";"2"
54;0;1;"ED 4112/ ED-ELC 1";"Field Study 1 (Obbservation of Teaching-Learning in Actual)";"COED";7;"All Professional and Major/Specialization Courses";"2021-2022";"1"
55;0;1;"ED 4113/ ED-ELC 2";"Field Study 2 (Participation and Teaching Assisstantship)";"COED";7;"All Professional and Major/Specialization Courses";"2021-2022";"1"
56;0;1;"ED 4114/ ED-LE 2";"Learning Enhancement 2";"COED";5;"ED 3211/ED-LE 1";"2021-2022";"1"
57;0;1;"RES 4120/MC 20";"Research in Education 2";"COED";3;"RES 3219/MC20";"2021-2022";"1"
58;0;1;"ED 4215";"Practice Technology/Teaching Internship";"COED";720;"ED 4113/ED-ELC 2";"2021-2022";"2"
59;0;2;"GEC-TCW";"The Contemporary World";"COED";3;"none";"2023-2024";"1"
60;0;2;"GEC-AA";"Art Appreciation";"COED";3;"none";"2023-2024";"1"
61;0;2;"GEC-US";"Understanding the Self";"COED";3;"none";"2023-2024";"1"
62;0;2;"ED 111/ED-FC1";"The Child and Adolescent Learner and Learning Principles";"COED";3;"none";"2023-2024";"1"
63;0;2;"ED 112/ED-FC2";"The  Teachinh Profession";"COED";3;"none";"2023-2024";"1"
64;0;2;"BTLED-TEC 111/BTVTED-TLE 111";"Introduction to Industrial Arts Part 1";"COED";3;"none";"2023-2024";"1"
65;0;2;"BTLED-TEC 112/BTVTED-TLE 112";"Home Economics Literacy";"COED";3;"none";"2023-2024";"1"
66;0;2;"BTLED-TEC 113";"Introduction to ICT Specializations 1";"COED";3;"none";"2023-2024";"1"
67;0;2;"PATHFit 1";"Physical Activities Towards Health and Fitness 1: Movement Compentency Training";"COED";2;"none";"2023-2024";"1"
68;0;2;"NSTP 1";"National Service Training Program 1(CWTS 1/ROTC 1)";"COED";3;"none";"2023-2024";"1"
69;0;2;"GEC-TCW";"Life and Works of Rizal";"COED";3;"none";"2023-2024";"2"
70;0;2;"GEC-MMW";"Mathematics in the Modern World";"COED";3;"none";"2023-2024";"2"
71;0;2;"GEC-C";"Ethics";"COED";3;"none";"2023-2024";"2"
72;0;2;"ED 123/ED-PCK 1";"Facilities Learner-Centere Teaching:The Learned-Centered Aprroaches with Emphasis on Trainers Methodology 1";"COED";3;"none";"2023-2024";"2"
73;0;2;"ED 124/ED-FC3";"Foundation of Special and Inclusive Education";"COED";3;"none";"2023-2024";"2"
74;0;2;"BTLED-TEC 124";"Introduction of Industrial Arts Part II";"COED";3;"BTLED-TEC 111";"2023-2024";"2"
75;0;2;"BTLED-TEC 125";"Family and Consumer Life Skills";"COED";3;"None";"2023-2024";"2"
76;0;2;"BTLED-TEC 126";"Introduction to ICT Specializations 2";"COED";3;"BTLED-TEC 113";"2023-2024";"2"
77;0;2;"PATHFit 2";"Physical Activities Towards Health and Fitness 2: Exercise-based Fitness Activities";"COED";2;"PATHFit 1";"2023-2024";"2"
78;0;2;"NSTP 1";"National Service Training Program 1(CWTS 1/ROTC 1)";"COED";3;"NSTP 1";"2023-2024";"2"
79;0;2;"GEC-PC";"Purposive Communication";"COED";3;"none";"2023-2024";"1"
80;0;2;"GEC-STS";"Science,Technology and Society";"COED";3;"none";"2023-2024";"1"
81;0;2;"GEE-KKF";"Komtekstuwalisadong Komunikasyon sa Filipino";"COED";3;"none";"2023-2024";"1"
82;0;2;"GEE-PPC";"Philippine Popular Culture";"COED";3;"none";"2023-2024";"1"
83;0;2;"ED 215/ED-PCK2";"Technology for Teaching and Learning 1";"COED";3;"none";"2023-2024";"1"
84;0;2;"ED 216/ED-PCK3";"Assessment in Learning 1";"COED";3;"none";"2023-2024";"1"
85;0;2;"BTLED-TEC 217";"Agri-Fishery Part 1";"COED";3;"none";"2023-2024";"1"
86;0;2;"BTLED-TEC 218";"Entrepreneurship";"COED";3;"none";"2023-2024";"1"
87;0;2;"TD 1";"Introduction to Design and Fundamental Sketching";"COED";3;"none";"2023-2024";"1"
88;0;2;"PATHFit 3";"Physical Activities Towards Health and Fitness 3: Dance/Sports/Martial Arts/Group Exercise/Outdoor Adventure Activities";"COED";2;"PATHFit 1 and 2";"2023-2024";"1"
89;0;2;"GEC-RPH";"Reading in Philippine History";"COED";3;"none";"2023-2024";"2"
90;0;2;"GEE-GSPS";"Gender and Society with Peace Studies";"COED";3;"none";"2023-2024";"2"
91;0;2;"ED 227/ED-PCK4";"Assessment in Learning 2 with Emphasis on Trainers Methodology I & II";"COED";3;"ED 216/ED-PCK3";"2023-2024";"2"
92;0;2;"ED 228/ED-FC4";"The Teacher annd the Community, School Culture and Organizational Leadership with focus on the Philipine TVET System";"COED";3;"none";"2023-2024";"2"
93;0;2;"BTLED-TEC 229";"Agri-Fishery Part II";"COED";3;"BTLED-TEC 217";"2023-2024";"2"
94;0;2;"BTLED-HE 221";"Household and Resource Management";"COED";5;"None";"2023-2024";"2"
95;0;2;"BTLED-HE 222";"Consumer Education";"COED";5;"None";"2023-2024";"2"
96;0;2;"BTLED-HE 223";"Child and Adolescent Development";"COED";5;"None";"2023-2024";"2"
97;0;2;"BTLED-HE 224";"Marriage and Family Relationship";"COED";5;"None";"2023-2024";"2"
98;0;2;"PATHFit 4";"Physical Activities Towards Health and Fitness 4: Dance/Sports/Martial Arts/Group Exercise/Outdoor Adventure Activities";"COED";2;"PATHFit 1 and 2";"2023-2024";"2"
99;0;2;"GEE-LD";"Literatures for Development";"COED";3;"none";"2021-2022";"1"
100;0;2;"GEE-FE";"Functional English";"COED";3;"none";"2021-2022";"1"
101;0;2;"GEE-LIE";"Living in IT Era";"COED";3;"none";"2021-2022";"1"
102;0;2;"ED 319/ED-PCK5";"Curriculom Development and Evaluation with Emphasis on TrAINERS Methodology II";"COED";3;"none";"2021-2022";"1"
103;0;2;"ED 3110/ED-PCK6";"Building and Enhancing New Literacies Across the Curriculum with Emphasis on the 21st Century Skills";"COED";3;"none";"2021-2022";"1"
104;0;2;"BTLED-TEC 3110";"Technology for Teaching and Learning 2";"COED";3;"ED 215/ED-PCK2";"2021-2022";"1"
105;0;2;"BTLED-HE 315";"Principles of Food Preparation";"COED";5;"none";"2021-2022";"1"
106;0;2;"BTLED-HE 316";"Food and Nutrition";"COED";5;"none";"2021-2022";"1"
107;0;2;"BTLED-HE 317";"Clothing,Selection,Purchase and Care";"COED";3;"none";"2021-2022";"1"
108;0;2;"BTLED-HE 328";"Clothing Construction";"COED";5;"none";"2021-2022";"2"
109;0;2;"BTLED-HE 329";"Arts in Daily Living";"COED";5;"none";"2021-2022";"2"
110;0;2;"BTLED-HE 3210";"Crafts Design(Handicraft)";"COED";5;"none";"2021-2022";"2"
111;0;2;"BTLED-HE 3211";"Fundamentals of  Food Technology";"COED";5;"none";"2021-2022";"2"
112;0;2;"BTLED-HE 3212";"School Food Service Management";"COED";5;"none";"2021-2022";"2"
113;0;2;"RES 1";"Technology Research 1(Methods of Research)";"COED";3;"none";"2021-2022";"2"
114;0;2;"ED 3211/ED-LE1";"Learning Enhancement 1";"COED";5;"none";"2021-2022";"2"
115;0;2;"ED 4112/ED-ELC 1";"Field Study 1 (Observations of Teaching-Learning in Actual School Environment)";"COED";7;"none";"2021-2022";"1"
116;0;2;"ED 4113/ED-ELC 2";"Field Study 2 (Participation and Teaching Assistanship)";"COED";7;"none";"2021-2022";"1"
117;0;2;"ED 4114/ED-LE 2";"Learning Enhancement 2";"COED";5;"none";"2021-2022";"1"
118;0;2;"RES 2";"Technology Research 2 (Thesis Writing)";"COED";7;"none";"2021-2022";"1"
119;0;2;"ED 4215";"Practice Teaching/Teaching Internship";"COED";720;"ED 4112/ED-ELC 1,ED 4113/ED-ELC 2";"2021-2022";"2"
120;0;3;"BES-EDP";"Engineering Drawing and Plans";"COENG";3;"none";"2023-2024";"1"
121;0;3;"BES 111";"Civil Engineering Orientation";"COENG";2;"none";"2023-2024";"1"
122;0;3;"ECHEM 111";"Chemistry for Engineers (lec)";"COENG";3;"none";"2023-2024";"1"
123;0;3;"ECHEM 111L";"Chemistry for Engineers (lab)";"COENG";3;"none";"2023-2024";"1"
124;0;3;"EMATH 111";"Calculus 1";"COENG";5;"none";"2023-2024";"1"
125;0;3;"GEC-RPH";"Readings Philippine History";"COENG";3;"none";"2023-2024";"1"
126;0;3;"GEC-MMW";"Mathematics in Modern World";"COENG";3;"none";"2023-2024";"1"
127;0;3;"PATHFit 1";"Physical Activities Towards Heath and Fitness 1: Movement Competency Training";"COENG";2;"none";"2023-2024";"1"
128;0;3;"NSTP 1";"National Service Training Program 1 (CWTS 1/LTS 1/ ROTC 1)";"COENG";3;"none";"2023-2024";"1"
129;0;3;"BES-CFP";"Computer Fundamentals and Programming";"COENG";6;"none";"2023-2024";"2"
130;0;3;"EPHYS 122";"Physics for Engineers (lec)";"COENG";3;"EMATH 111";"2023-2024";"2"
131;0;3;"EPHYS 122L";"Physics for Engineers (lab)";"COENG";3;"EMATH 111";"2023-2024";"2"
132;0;3;"EMATH 122";"Calculus 2";"COENG";5;"EMATH 111";"2023-2024";"2"
133;0;3;"GEC-STS";"Science, Technology and Society";"COENG";3;"none";"2023-2024";"2"
134;0;3;"GEC-PC";"Purposive Communication";"COENG";3;"none";"2023-2024";"2"
135;0;3;"GEC-US";"Understanding the Self";"COENG";3;"none";"2023-2024";"2"
136;0;3;"PATHFit 2";"Physical Activities Towards Heath and Fitness 2: Exercise-based Fitness Activities";"COENG";2;"PATHFit 1";"2023-2024";"2"
137;0;3;"NSTP 2";"National Service Training Program 2 (CWTS 2/LTS 2/ ROTC 2)";"COENG";3;"NSTP 1";"2023-2024";"2"
138;0;3;"CE-PC 211";"Fundamentals of Surveying";"COENG";10;"BES-EDP";"2023-2024";"1"
139;0;3;"BES-CAD";"Computer-Aided Drafting";"COENG";3;"None";"2023-2024";"1"
140;0;3;"BES-EE";"Engineering Economics";"COENG";3;"2nd Year Standing";"2023-2024";"1"
141;0;3;"BES-SRB";"Statics  of Rigid Bodies";"COENG";4;"EMATH 122,EPHYS 122";"2023-2024";"1"
142;0;3;"EMATH 213";"Differential Equations";"COENG";3;"EMATH 122";"2023-2024";"1"
143;0;3;"EMATH 214";"Engineering Data Analysis";"COENG";3;"None";"2023-2024";"1"
144;0;3;"GEC-LWR";"Life and Works of Rizal";"COENG";3;"None";"2023-2024";"1"
145;0;3;"PATHFit 3";"Physical Activities Towards Heath and Fitness 3: Dance/Sports/ Martial Arts/Group Exercise/Outdoor Adventure Activities";"COENG";2;"PATHFit 1 and 2";"2023-2024";"1"
146;0;3;"CE-PC 222";"Construction Materials and Testing";"COENG";5;"BES-MDB";"2023-2024";"2"
147;0;3;"BES-DRB";"Dynamics of Rigid Bodies";"COENG";3;"BES-SRB";"2023-2024";"2"
148;0;3;"BES-MDB";"Mechanics of Deformable Bodies";"COENG";6;"BES-SRB";"2023-2024";"2"
149;0;3;"EGEO 223";"Geology for Civil Engineers";"COENG";3;"ECHEM 111";"2023-2024";"2"
150;0;3;"GEC-AA";"Art Appreciation";"COENG";3;"None";"2023-2024";"2"
151;0;3;"GEC -CW";"The Contemporary World";"COENG";3;"None";"2023-2024";"2"
152;0;3;"GEC-TEM";"The Entrepreneurial Mind";"COENG";3;"None";"2023-2024";"2"
153;0;3;"PATHFit 4";"Physical Activities Towards Heath and Fitness 4: Dance/Sports/ Martial Arts/Group Exercise/Outdoor Adventure Activities";"COENG";2;"PATHFit 1 and 2";"2023-2024";"2"
154;0;3;"CE-PC 313";"Structural Theory";"COENG";7;"BES-MDB";"2021-2022";"1"
155;0;3;"CE-PC 314";"Highway and Railroad Engineering";"COENG";3;"CE-PC 211";"2021-2022";"1"
156;0;3;"CE-PC 315";"Geotechnical Engineering 1 (Soil Mechanics)";"COENG";6;"BES-MDB, EGEO 223";"2021-2022";"1"
157;0;3;"CE-PC 316";"CE Laws, Ethics and Contracts";"COENG";2;"3rd Year Standing";"2021-2022";"1"
158;0;3;"CE-AC 311";"Engineering Utilities 1";"COENG";3;"EPHYS 122";"2021-2022";"1"
159;0;3;"CE-AC 312";"Engineering Utilities 2";"COENG";3;"EPHYS 122";"2021-2022";"1"
160;0;3;"BES-EM";"Engineering Management";"COENG";2;"3rd Year Standing";"2021-2022";"1"
161;0;3;"EMATH 315";"Numerical Solution for CE Problems";"COENG";5;"EMATH 213";"2021-2022";"1"
162;0;3;"CE-PC 327";"Principles of Steel Design";"COENG";6;"CE-PC 313";"2021-2022";"2"
163;0;3;"CE-PC 328";"Principles of Reinforced Concrete/Prestressed Concrete";"COENG";7;"CE-PC 313";"2021-2022";"2"
164;0;3;"CE-PC 329";"Building System Design";"COENG";5;"BES-EDP";"2021-2022";"2"
165;0;3;"CE-PC 3210";"Hydrology";"COENG";3;"3rd Year Standing";"2021-2022";"2"
166;0;3;"CE-PC 3211";"Hydraulics";"COENG";7;"3rd Year Standing";"2021-2022";"2"
167;0;3;"CE-PC 3212";"Principles of Transportation Engineering";"COENG";3;"CE-PC 314";"2021-2022";"2"
168;0;3;"OJT 400";"On-the-Job Training";"COENG";240;"4th Year Standing";"2021-2022";"3"
169;0;3;"CE-PC 4113";"CE-Project 1";"COENG";4;"4th Year Standing";"2021-2022";"1"
170;0;3;"CE-PC 4114";"Quantity Surveying";"COENG";4;"CE-PC 329";"2021-2022";"1"
171;0;3;"CE-PC 4115";"Construction Methods and Project Management";"COENG";3;"4th Year Standing";"2021-2022";"1"
172;0;3;"CE-PCS 411A, CE-PCS 411B";"(A)Bridge Design   (B)Project Construction and Management";"COENG";3;"4th Year Standing";"2021-2022";"1"
173;0;3;"CE-PCS 412A,CE-PCS 411B";"(A) Reinforced Concrete Design   (B)Database Management in Construction";"COENG";3;"CE-PCS 411 A, CE- PCS 411 B";"2021-2022";"1"
174;0;3;"CE-PCS 413A, CE-PCS 413B";"(A) Foundation and Retaining  Wall Design (B) Construction Cost Engineering";"COENG";3;"CE-PCS 411 A, CE- PCS 411 B";"2021-2022";"1"
175;0;3;"CE-IC 411";"CE Comprehensive Course 1 (Mathematics/Transportation Engg.";"COENG";6;"4th Year Standing";"2021-2022";"1"
176;0;3;"BES-T";"Technopreneurship 101";"COENG";3;"None";"2021-2022";"1"
177;0;3;"CE-PC 4216";"CE Project 2";"COENG";4;"CE-PC 4113";"2021-2022";"2"
178;0;3;"CE-PCS 424A, CE- PCS 424B";"(A)Earthquake Engineering, (B) Construction Occupational Safety and Health";"COENG";3;"CE-PCS 411A, CE-PCS 411B";"2021-2022";"2"
179;0;3;"CE-PCS 425A, CE -PCS 425B";"(A) Computer Software in Structural Analysis, (b) Adv. Construction Methods and Equipment";"COENG";6;"CE-PCS 411A, CE-PCS 411B";"2021-2022";"2"
180;0;3;"CE-IC 422";"CE Comprehensive Course 2 (Geotechnical Eng'g/Hydraulics)";"COENG";6;"CE-PC 3211";"2021-2022";"2"
181;0;3;"CE-IC 423";"CE Comprehensive Course 3 (Structural Design and Construction)";"COENG";6;"CE-PC-327, CE-PC 328";"2021-2022";"2"
182;0;4;"ME 111";"Mechanical Engineering Orientation";"COENG";1;"none";"2023-2024";"1"
183;0;4;"EMATH 111";"Calculus 1";"COENG";5;"none";"2023-2024";"1"
184;0;4;"ECHEM";"Chemistry for Engineers (lec)";"COENG";3;"none";"2023-2024";"1"
185;0;4;"ECHEML";"Chemestry for Engineers (lab)";"COENG";3;"none";"2023-2024";"1"
186;0;4;"BES-ED";"Engineering Drawing";"COENG";3;"none";"2023-2024";"1"
187;0;4;"GEC-MMW";"Mathematics in the Modern World";"COENG";3;"none";"2023-2024";"1"
188;0;4;"GEC-RPH";"Readings in Philipine History";"COENG";3;"none";"2023-2024";"1"
189;0;4;"PATHFit 1";"Physical Activities Towards Health and Fitness 1: Movement Competency Training";"COENG";2;"none";"2023-2024";"1"
190;0;4;"NSTP 1";"National Service Training Program 1( CWTS 1/LTS 1/ROTC 1)";"COENG";3;"none";"2023-2024";"1"
191;0;4;"EMATH 122";"Calculus 2";"COENG";5;"EMATH 111";"2023-2024";"2"
192;0;4;"EPHYS";"Physics for Engineers (lec)";"COENG";3;"EMATH 122/EMATH 111";"2023-2024";"2"
193;0;4;"EPHYSL";"Physics for Engineers (lab)";"COENG";3;"EMATH 122/EMATH 111";"2023-2024";"2"
194;0;4;"BES-CAD";"Computer-Aided Drafting";"COENG";3;"BES-ED";"2023-2024";"2"
195;0;4;"GEC-PC";"Purposive Communication";"COENG";3;"none";"2023-2024";"2"
196;0;4;"GEC-STS";"Science,Technology, and Society";"COENG";3;"none";"2023-2024";"2"
197;0;4;"GEC-US";"Understanding the Self";"COENG";3;"none";"2023-2024";"2"
198;0;4;"PATHFit 2";"Physical Activities Towards Health and Fitness 2: Exercise-based Fitness Activities";"COENG";2;"PATHFit 1";"2023-2024";"2"
199;0;4;"NSTP 2";"National Service Training Program 2( CWTS 2/LTS 2/ROTC 2)";"COENG";3;"NSTP 1";"2023-2024";"2"
200;0;4;"ME 212";"Thermodynamics 1";"COENG";4;"EPHYS,EMATH 122";"2023-2024";"1"
201;0;4;"ME 213";"Workshop Theory and Practice";"COENG";6;"BES-ED";"2023-2024";"1"
202;0;4;"ME-AC 211";"Basic Electrical Engineering (lec)";"COENG";2;"EPHYS,EMATH 122";"2023-2024";"1"
203;0;4;"ME-AC 211L";"Basic Electrical Engineering (lab)";"COENG";3;"EPHYS,EMATH 122";"2023-2024";"1"
204;0;4;"EMATH 213";"Differential Equations";"COENG";3;"EMATH 122";"2023-2024";"1"
205;0;4;"EMATH 214";"Engineering Data Analysis";"COENG";3;"EMATH 122";"2023-2024";"1"
206;0;4;"BES-CFP";"Computer Fundamentals and Programming";"COENG";3;"None";"2023-2024";"1"
207;0;4;"BES-SRB";"Statics of Rigid Bodies";"COENG";3;"EPHYS,EMATH 122";"2023-2024";"1"
208;0;4;"GEC-LWR";"Life and Works of Rizal";"COENG";3;"None";"2023-2024";"1"
209;0;4;"PATHFit 3";"Physical Activities Towards Health and Fitness 3: Dance/Sports/Martial Arts/Group Exercise/Outdoor/Adventure Activities";"COENG";2;"PATHFit 2";"2023-2024";"1"
210;0;4;"ME 224";"Thermodynamics 2";"COENG";4;"ME 212";"2023-2024";"2"
211;0;4;"ME 225";"Machine Shop Theory and Practice";"COENG";6;"ME 213";"2023-2024";"2"
212;0;4;"ME 226";"Advanced Mathematics for ME";"COENG";3;"EMATH  213";"2023-2024";"2"
213;0;4;"ME-AC 222";"Basic Electronics(lec)";"COENG";2;"ME-AC 211";"2023-2024";"2"
214;0;4;"ME-AC 222L";"Basic Electronics(lab)";"COENG";3;"ME-AC 211";"2023-2024";"2"
215;0;4;"BES-DRB";"Dynamics of Rigid Bodies";"COENG";3;"BES-SRB";"2023-2024";"2"
216;0;4;"BES-MDB";"Mechanics of Deformable Bodies";"COENG";3;"BES-SRB";"2023-2024";"2"
217;0;4;"GEC-TCW";"The Contemporary World";"COENG";3;"none";"2023-2024";"2"
218;0;4;"GEC-AA";"Art Appreciation";"COENG";3;"none";"2023-2024";"2"
219;0;4;"PATHFit 4";"Physical Activities Towards Health and Fitness 4: Dance/Sports/Martial Arts/Group Exercise/Outdoor/Adventure Activities";"COENG";2;"PATHFit 3";"2023-2024";"2"
220;0;4;"GEE-ES";"Environmental Science";"COENG";3;"none";"2023-2024";"3"
221;0;4;"GEE-LIE";"Living in the IT Era";"COENG";3;"none";"2023-2024";"3"
222;0;4;"GEC-E";"Ethics";"COENG";3;"none";"2023-2024";"3"
223;0;4;"ME 317";"Heat Transfer";"COENG";2;"ME 212";"2021-2022";"1"
224;0;4;"ME 318";"Fluid Mechanics";"COENG";3;"ME 212,BES-DRB";"2021-2022";"1"
225;0;4;"ME 319";"Machine Elements";"COENG";5;"BES-DRB";"2021-2022";"1"
226;0;4;"ME 3110";"Vibration Engiineering";"COENG";2;"EMATH 213,BES-DRB";"2021-2022";"1"
227;0;4;"ME 3111";"Computer Application  for ME";"COENG";3;"BES-CFP";"2021-2022";"1"
228;0;4;"ME 3112";"Materials Science and Engineering for ME (lec)";"COENG";2;"ECHEM,BES-MDB";"2021-2022";"1"
229;0;4;"ME 3112L";"Materials Science and Engineering for ME (lab)";"COENG";3;"ECHEM,BES-MDB";"2021-2022";"1"
230;0;4;"ME-AC 313";"DC and AC Machinery (lec)";"COENG";2;"ME-AC 211";"2021-2022";"1"
231;0;4;"ME-AC 313L";"DC and AC Machinery (lab)";"COENG";3;"ME-AC 211";"2021-2022";"1"
232;0;4;"BES-EE";"Engineering Economics";"COENG";3;"none";"2021-2022";"1"
233;0;4;"ME 3213";"Methods of Research for ME";"COENG";1;"EMATH 214";"2021-2022";"2"
234;0;4;"ME 3214";"Refrigeration Systems";"COENG";3;"ME 317";"2021-2022";"2"
235;0;4;"ME 3215";"Fluid Machineries";"COENG";3;"ME 318";"2021-2022";"2"
236;0;4;"ME 3216";"Combustion Enginerring";"COENG";2;"ME 224";"2021-2022";"2"
237;0;4;"ME 3217";"ME Laboratory 1";"COENG";3;"ME 224";"2021-2022";"2"
238;0;4;"ME 3218";"Basic Occupational Safety and Health";"COENG";3;"None";"2021-2022";"2"
239;0;4;"ME 3219";"Control Engineering (lec)";"COENG";2;"ME-AC 222";"2021-2022";"2"
240;0;4;"ME 3219L";"Control Engineering (lab)";"COENG";3;"ME-AC 222";"2021-2022";"2"
241;0;4;"ME-PC 321";"Machine Design 1 (lec)";"COENG";3;"ME 319";"2021-2022";"2"
242;0;4;"ME-PC 321L";"Machine Design 1 (lab)";"COENG";3;"ME 319";"2021-2022";"2"
243;0;4;"GEE-TEM";"The Entrepreneurial Mind";"COENG";3;"None";"2021-2022";"2"
244;0;4;"BES-EM";"Engineering Management";"COENG";2;"None";"2021-2022";"2"
245;0;4;"ME 400";"On-The-Job Training";"COENG";360;"4TH Year Standing";"2021-2022";"3"
246;0;4;"Me 4120";"Air Conditioning and Ventilation Systems";"COENG";3;"ME 32143";"2021-2022";"1"
247;0;4;"ME 4121";"ME Laboratory";"COENG";6;"ME 3127, ME 3215, ME 317";"2021-2022";"1"
248;0;4;"ME 4122";"ME Comprehensive Course 1";"COENG";2;"4th Year Standing";"2021-2022";"1"
249;0;4;"ME-PC 412";"Machine Design 2 (lec)";"COENG";3;"ME-PC 321";"2021-2022";"1"
250;0;4;"ME-PC 412L";"Machine Design 2 ( lab)";"COENG";3;"ME-PC 321";"2021-2022";"1"
251;0;4;"ME-PC 413";"Power Plant Design with Renewable Energy (lec)";"COENG";3;"ME 3216";"2021-2022";"1"
252;0;4;"ME-PC 413L";"Power Plant Design with Renewable Energy (lab)";"COENG";3;"ME 3216";"2021-2022";"1"
253;0;4;"ME-PC 414";"ME Project Study 1";"COENG";3;"ME 3213";"2021-2022";"1"
254;0;4;"ME-PE 411";"ME Elective 1";"COENG";3;"4th Year Standing";"2021-2022";"1"
255;0;4;"ME 4223";"Manufacturing & Industrial Proscesses with Plant Visits(lec)";"COENG";1;"4th Year Standing";"2021-2022";"2"
256;0;4;"ME 4223L";"Manufacturing & Industrial Proscesses with Plant Visits(lab)";"COENG";3;"4th Year Standing";"2021-2022";"2"
257;0;4;"ME 4224";"ME Comprehensive Course 2";"COENG";2;"4th Year Standing";"2021-2022";"2"
258;0;4;"ME-PC 425";"Industrial Plant Engineering(lec)";"COENG";3;"ME 4223/ME 4120";"2021-2022";"2"
259;0;4;"ME-PC 425L";"Industrial Plant Engineering(lab)";"COENG";3;"ME 4223L/ME 4120";"2021-2022";"2"
260;0;4;"ME-PC 426";"ME Laboratory 3";"COENG";6;"ME 4121,ME 4120,ME-PC 413";"2021-2022";"2"
261;0;4;"ME-PC 427";"ME Laws, Ethics, Contracts, Code and Standards";"COENG";2;"ME-PC 413, GEC-E";"2021-2022";"2"
262;0;4;"ME-PC 428";"ME Project Study 2";"COENG";3;"ME-PC 414";"2021-2022";"2"
263;0;4;"ME-PE 422";"ME Elective 2";"COENG";3;"4th Year Standing";"2021-2022";"2"
264;0;4;"BES-T";"Technopreneurship 101";"COENG";3;"BES-EE";"2021-2022";"2"
265;0;5;"EE-IPC 111";"Residential, Commercial, and Industrial Wiring";"COENG";4;"none";"2023-2024";"1"
266;0;5;"EMATH 111";"Calculus 1";"COENG";5;"none";"2023-2024";"1"
267;0;5;"ECHEM";"Chemistry for Engineers (lec)";"COENG";3;"none";"2023-2024";"1"
268;0;5;"ECHEML";"Chemistry for Engineers (lab()";"COENG";3;"none";"2023-2024";"1"
269;0;5;"BES-CAD";"Computer Aided Drafting";"COENG";3;"none";"2023-2024";"1"
270;0;5;"GEC-MMW";"Mathematics in the Modern World";"COENG";3;"none";"2023-2024";"1"
271;0;5;"GEC-RPH";"Reading in Philippine History";"COENG";3;"none";"2023-2024";"1"
272;0;5;"GEC-E";"Ethics";"COENG";3;"none";"2023-2024";"1"
273;0;5;"PATHFit 1";"Physical Activities Towards Heath and Fitness 1: Movement Competency Training";"COENG";2;"none";"2023-2024";"1"
274;0;5;"NSTP 1";"National Service Training Program 1 (CWTS 1/LTS 1/ ROTC 1)";"COENG";3;"none";"2023-2024";"1"
275;0;5;"EE-PC 211";"Computer Programming";"COENG";6;"EPHYS,EMATH 122";"2023-2024";"2"
276;0;5;"EE-AC 212";"Calculus 2";"COENG";2;"EPHYS";"2023-2024";"2"
277;0;5;"EE-IPC 212";"Physics for Engineering(lec)";"COENG";4;"EE-IPC 111";"2023-2024";"2"
278;0;5;"EMATH 213";"Physics for Engineering(lab)";"COENG";3;"EMATH 122";"2023-2024";"2"
279;0;5;"EMATH 214";"Purposive Communication";"COENG";3;"EMATH 111";"2023-2024";"2"
280;0;5;"BES-EMECH";"Science,Technology and Society";"COENG";3;"EPHYS,EMATH 122";"2023-2024";"2"
281;0;5;"GEE-TEM";"Understanding the Self";"COENG";3;"none";"2023-2024";"2"
282;0;5;"GEE-LIE";"The Contemporary World";"COENG";3;"none";"2023-2024";"2"
283;0;5;"GEC-LWR";"Life and Works of Rizal";"COENG";3;"none";"2023-2024";"2"
284;0;5;"PATHFit 2";"Physical Activities Towards Heath and Fitness 2: Exercise-based Fitness Activities";"COENG";2;"PATHFit 1";"2023-2024";"2"
285;0;5;"NSTP 2";"National Service Training Program 2 (CWTS 2/LTS 2/ ROTC 2)";"COENG";3;"NSTP 1";"2023-2024";"2"
286;0;5;"EE-PC 211";"Electrical Circuits 1";"COENG";6;"EPHYS,EMATH 122";"2023-2024";"1"
287;0;5;"EE-AC 212";"Basic Thermodynamics";"COENG";2;"EPHYS";"2023-2024";"1"
288;0;5;"EE-IPC 212";"Transformer Construction and Banking,Troubleshooting and Serving of AC and DC";"COENG";4;"EE-IPC 111";"2023-2024";"1"
289;0;5;"EMATH 213";"Differential Equations";"COENG";3;"EMATH 122";"2023-2024";"1"
290;0;5;"EMATH 214";"Engineering Data Analysis";"COENG";3;"EMATH 111";"2023-2024";"1"
291;0;5;"BES-EMECH";"Engineering  Mechanics";"COENG";3;"EPHYS,EMATH 122";"2023-2024";"1"
292;0;5;"GEE-TEM";"The Entrepreneurial Mind";"COENG";3;"None";"2023-2024";"1"
293;0;5;"GEE-LIE";"Living in the IT Era";"COENG";3;"None";"2023-2024";"1"
294;0;5;"GEC-LWR";"Life and Works of Rizal";"COENG";3;"None";"2023-2024";"1"
295;0;5;"PATHFit 3";"Physical Activities Towards Heath and Fitness 3: Dance/Sports/Martial ARTS/group Exercise/Outdoor Adventure";"COENG";2;"PATHFit 2";"2023-2024";"1"
296;0;5;"EE-PC 222";"Electrical Circuits 2";"COENG";6;"EE-PC 211";"2023-2024";"2"
297;0;5;"EE-PC 223";"Enginerring Mathematics for EE";"COENG";3;"EMATH 213";"2023-2024";"2"
298;0;5;"EE-AC 223";"Electronics Circuits:Devices and Analysis";"COENG";6;"EE-PC 211";"2023-2024";"2"
299;0;5;"EE-AC 224";"Electromagnetics";"COENG";3;"EPHYS,EMATH 213";"2023-2024";"2"
300;0;5;"EE-AC 225";"Fundamentals of Deformable Bodies";"COENG";2;"BES-EMECH";"2023-2024";"2"
301;0;5;"EE-AC 226";"Fluid Mechanics";"COENG";2;"EPHYS";"2023-2024";"2"
302;0;5;"GEE-PEE";"People and the Earth's Ecosystems";"COENG";3;"none";"2023-2024";"2"
303;0;5;"GEC-AA";"Art Appreciation";"COENG";3;"none";"2023-2024";"2"
304;0;5;"PATHFit 4";"Physical Activities Towards Heath and Fitness 4: Dance/Sports/Martial ARTS/group Exercise/Outdoor Adventure";"COENG";2;"PATHFit 3";"2023-2024";"2"
305;0;5;"EE-IPC 313";"Electrical Circuits 3";"COENG";5;"EE-PC 222";"2023-2024";"1"
306;0;5;"EE-IPC 314";"Numerical Methods and Analysis";"COENG";5;"EE-PC 223";"2023-2024";"1"
307;0;5;"EE-IPC 315";"Electrical Machines 1";"COENG";3;"EE-AC 224, EE-PC 222";"2023-2024";"1"
308;0;5;"EE-AC 317";"Materials Science and Engineering";"COENG";2;"ECHEM,EE-AC 225";"2023-2024";"1"
309;0;5;"EE-AC 318";"Logic Circuits and Switching Theory";"COENG";5;"EE-AC 223";"2023-2024";"1"
310;0;5;"EE-AC 319";"Industrial Electronics";"COENG";6;"EE-AC 224";"2023-2024";"1"
311;0;5;"EE-AC 3110";"Fundamentals of Electronic Communication";"COENG";3;"EE-AC 225";"2023-2024";"1"
312;0;5;"BES-EE";"Engineering Economics";"COENG";3;"EMATH 214";"2023-2024";"1"
313;0;5;"EE- PC 326";"Electrical Machines 2";"COENG";6;"EE-PC 315";"2023-2024";"2"
314;0;5;"EE- PC 327";"Electrical Apparatus and Devices";"COENG";5;"EE-PC 222";"2023-2024";"2"
315;0;5;"EE- PC 328";"EE Laws, Codes and Professional Ethics ";"COENG";3;"GEC-E";"2023-2024";"2"
316;0;5;"EE- PC 329";"Research Methods";"COENG";4;"EMATH 214";"2023-2024";"2"
317;0;5;"EE-PC  3210";"Feedback Control Systems";"COENG";3;"EE-PC 223, EE-AC 223";"2023-2024";"2"
318;0;5;"EE-AC  3211";"Microprocessors Systems";"COENG";2;"EE-AC 318";"2023-2024";"2"
319;0;5;"EE-AC  3212";"Basic Occupational Safety and Health";"COENG";3;"None";"2023-2024";"2"
320;0;5;"EE-IPC 324";"EE Comprehensive Course 1-Mathematics";"COENG";6;"3rd Year Standing";"2023-2024";"2"
321;0;5;"EE-AC 3213";"Environmental Science and Engineering";"COENG";3;"None";"2023-2024";"2"
322;0;5;"EE-PC 400";"On- the- Job Training";"COENG";360;"4th Year Standing";"2021-2022";"3"
323;0;5;"EE- PC 4111";"Power Systems Analysis";"COENG";6;"EE-PC 327";"2021-2022";"1"
324;0;5;"EE- PC 4112";"Electrical Standards and Practices";"COENG";3;"EE-PC 328";"2021-2022";"1"
325;0;5;"EE- PC 4113";"Electrical Systems and Illumination Engineering Design";"COENG";9;"EE-PC 326";"2021-2022";"1"
326;0;5;"EE- PC 4114";"Management of Engineering Project";"COENG";3;"BES-EE";"2021-2022";"1"
327;0;5;"EE- PC 4115";"Research Project or Capstone Design Project";"COENG";3;"EE-PC 329";"2021-2022";"1"
328;0;5;"EE-IPC 415";"EE Comprehensive Course 2- General Engineering and Applied Sciences";"COENG";6;"4th Year Standing";"2021-2022";"1"
329;0;5;"EE-PE 411";"EE Elective 1: Renewable Energy for Sustainable Development";"COENG";3;"4th Year Standing";"2021-2022";"1"
330;0;5;"EE- PC 4216";"Distribution Systems and Substation Design";"COENG";5;"EE-PC 4111";"2021-2022";"2"
331;0;5;"EE- PC 4217";"Instrumentation and Control";"COENG";5;"EE-PC 3210";"2021-2022";"2"
332;0;5;"EE- PC 4218";"Fundamental of Power Plant Engineering Design";"COENG";3;"EE-PC 4111";"2021-2022";"2"
333;0;5;"EE- PC 4219";"Seminar/ Colloquia";"COENG";3;"4th Year Standing";"2021-2022";"2"
334;0;5;"EE- IPC 426";"EE Comprehensive Course 3- Applied Electrical Engineering";"COENG";6;"5th Year Standing";"2021-2022";"2"
335;0;5;"EE- IPC 427";"EE Comprehensive Course 4- Generation, Transmission and Distribution System";"COENG";6;"6th Year Standing";"2021-2022";"2"
336;0;5;"EE-PE 422";"EE Elective 2: Advance Power System Analysis and Design";"COENG";3;"EE-PC 4111";"2021-2022";"2"
337;0;5;"BES-T";"Technopreneurship 101";"COENG";3;"4th Year Standing";"2021-2022";"2"
338;0;6;"CompTech 111";"Computer Electronics";"COT";15;"none";"2023-2024";"1"
339;0;6;"Draw 111";"Fundamebtals of Technical Drawing and Sketching";"COT";3;"none";"2023-2024";"1"
340;0;6;"AST 111";"Fundamentals of Electrical and Electronics";"COT";3;"none";"2023-2024";"1"
341;0;6;"GEC-PC";"Purposive Communication";"COT";3;"none";"2023-2024";"1"
342;0;6;"GEC-STS";"Science, Technology and Society";"COT";3;"none";"2023-2024";"1"
343;0;6;"GEC-US";"Understanding the Self";"COT";3;"none";"2023-2024";"1"
344;0;6;"PATHFit 1";"Physical Activities Towards Health and Fitness 1: Movement Competency Training";"COT";2;"none";"2023-2024";"1"
345;0;6;"NSTP 1";"National Service Training Program 1 (CWTS 1/LTS 1/ ROTC 1)";"COT";3;"none";"2023-2024";"1"
346;0;6;"CompTech 122";"Computer Systems";"COT";15;"CompTech 111";"2023-2024";"2"
347;0;6;"Draw 122";"Advanced Technical Drawing and Blueprint Reading";"COT";3;"DRAW 111";"2023-2024";"2"
348;0;6;"Comp 1";"Offfice Productivity Application Software";"COT";5;"none";"2023-2024";"2"
349;0;6;"AST 122";"Digital Electronics";"COT";3;"AST 111";"2023-2024";"2"
350;0;6;"GEC-RPH";"Reading Philippine History";"COT";3;"none";"2023-2024";"2"
351;0;6;"GEC-E";"Ethics";"COT";3;"none";"2023-2024";"2"
352;0;6;"PATHFit 2";"Physical Activities Towards Health and Fitness 2:Exercise-based Fitness Actvities";"COT";2;"PATHFit 1";"2023-2024";"2"
353;0;6;"NSTP 2";"National Services Training Program 2(CWTS 2/ROTC2)";"COT";3;"NSTP 1";"2023-2024";"2"
354;0;6;"CompTech 213";"Computer Network and Security";"COT";15;"CompTech 122";"2023-2024";"1"
355;0;6;"CTC 211";"Fundamentals of Programming";"COT";6;"none";"2023-2024";"1"
356;0;6;"Draw 213";"Computer-Aided Design 1 (CAD 1)";"COT";3;"Draw 122";"2023-2024";"1"
357;0;6;"AST 213";"Basic Pneumatics/Hydraulics";"COT";3;"AST";"2023-2024";"1"
358;0;6;"GEC-TCW";"The Contemporary World";"COT";3;"None";"2023-2024";"1"
359;0;6;"GEC-AA";"Art Apreciation";"COT";3;"None";"2023-2024";"1"
360;0;6;"GEE-LIE";"Living in the IT Era";"COT";3;"None";"2023-2024";"1"
361;0;6;"PATHFit 3";"Physical Activities Towards Health and Fitness3: Dance/Sports/Martisl Art/Group Exercise/Outdoor/Adventure Activities";"COT";2;"PATHFit 1 and 2";"2023-2024";"1"
362;0;6;"CompTech 224";"Programming";"COT";15;"CompTech 213";"2023-2024";"2"
363;0;6;"CTC 222";"Programing Logic and Design";"COT";3;"CTC 211";"2023-2024";"2"
364;0;6;"CTC 223";"Logic Circuits";"COT";3;"CTC 211";"2023-2024";"2"
365;0;6;"Draw 224";"Computer-Aided Design 2(CAD 2)";"COT";3;"Draw 213";"2023-2024";"2"
366;0;6;"AST 224";"Programmable Logic Controller";"COT";3;"AST 213";"2023-2024";"2"
367;0;6;"GEE-ES";"Environment Science";"COT";3;"none";"2023-2024";"2"
368;0;6;"GEC-MMW";"Mathematics in the Modern World";"COT";3;"none";"2023-2024";"2"
369;0;6;"PATHFit 4";"Physical Activities Towards Health and Fitness 4: Dance/ Sports/Martial Arts/Group EXERCISE/Outdoor/Adventure Activities";"COT";2;"PATHFit 1 and 2";"2023-2024";"2"
370;0;6;"CompTech 224";"Microprocessor";"COT";15;"CompTech 224";"2021-2022";"1"
371;0;6;"IM 311";"Fundamentals of Research";"COT";3;"none";"2021-2022";"1"
372;0;6;"IM 312";"Industrial Psychology and Group Dynamics";"COT";3;"None";"2021-2022";"1"
373;0;6;"IM 313";"Occupational Safety and Health";"COT";3;"None";"2021-2022";"1"
374;0;6;"IM 314";"Shop Supervision and Apprenticeship Training";"COT";3;"None";"2021-2022";"1"
375;0;6;"AST 315";"Workshop Management";"COT";3;"None";"2021-2022";"1"
376;0;6;"GEE-FE";"Functional English";"COT";3;"None";"2021-2022";"1"
377;0;6;"Fola 1";"Foreign Language 1*( Nihongo 1/Korean 1/Chinese 1/Spanish 1/German 1)";"COT";3;"None";"2021-2022";"1"
378;0;6;"CompTech 326";"Embedded Systems";"COT";15;"CompTech 315";"2021-2022";"2"
379;0;6;"IM 325";"Industrial Organiztion and Management";"COT";3;"None";"2021-2022";"2"
380;0;6;"IM 326";"Personnel Administration";"COT";3;"None";"2021-2022";"2"
381;0;6;"IM 327";"Organizational Behavior and Work Ehics";"COT";3;"None";"2021-2022";"2"
382;0;6;"IM 328";"Product Output(Research)";"COT";3;"IM 311";"2021-2022";"2"
383;0;6;"AST 326";"Emerging Technologies";"COT";3;"None";"2021-2022";"2"
384;0;6;"GEE-TEM";"The Enterpreneurial Mind";"COT";3;"None";"2021-2022";"2"
385;0;6;"GEC-LWR";"Life and Works of Rizal";"COT";3;"None";"2021-2022";"2"
386;0;6;"Fola 2";"Foreign Language 2*( Nihongo 2/Korean 2/Chinese 2/Spanish 2/German 2)";"COT";3;"Fola 1";"2021-2022";"2"
387;0;6;"OJT 411";"On-the-Job Training 1";"COT";900;"4th Year Standing";"2021-2022";"1"
388;0;6;"OJT 422";"On-the-Job Training 2";"COT";900;"4th Year Standing";"2021-2022";"2"
389;0;7;"AutoTech 111";"Fundamentals of Automotive Technology";"COT";15;"None";"2023-2024";"1"
390;0;7;"Draw 111";"Fundamentals of Technical Drawing and Sketching";"COT";3;"None";"2023-2024";"1"
391;0;7;"AST 111";"Fundamentals of Electrical and Electronics";"COT";3;"None";"2023-2024";"1"
392;0;7;"GEC-PC";"Purposive Communication";"COT";3;"None";"2023-2024";"1"
393;0;7;"GEC-STS";"Science, Technology and Society";"COT";3;"None";"2023-2024";"1"
394;0;7;"GEC-US";"Understanding the Self";"COT";3;"None";"2023-2024";"1"
395;0;7;"PATHFit 1";"Physical Activities Towards Health and Fitness 1: Movement Competency Training";"COT";2;"None";"2023-2024";"1"
396;0;7;"NSTP 1";"National Service Training Program 1 (CWTS 1/LTS 1/ ROTC 1)";"COT";2;"None";"2023-2024";"1"
397;0;7;"AutoTech 122";"Chassis Unit and Related Electro-Mechanical System";"COT";15;"AutoTech 111";"2023-2024";"2"
398;0;7;"Draw 122";"Advanced Technical Drawing  and Blueprint Reading";"COT";3;"Draw 111";"2023-2024";"2"
399;0;7;"Comp 1";"Office Productivity Application Software";"COT";5;"None";"2023-2024";"2"
400;0;7;"AST 122";"Digital Electronics";"COT";3;"AST 111";"2023-2024";"2"
401;0;7;"GEC-RPH";"Readings In Philippine History";"COT";3;"None";"2023-2024";"2"
402;0;7;"GEC-E";"Ethics";"COT";3;"None";"2023-2024";"2"
403;0;7;"PATHFit 2";"Physical Activities Towards Health and Fitness 2: Exercise-based Fitness Activities";"COT";2;"PATHFit";"2023-2024";"2"
404;0;7;"NSTP 2";"National Service Training Program 2 (CWTS 2/LTS 2/ ROTC 2)";"COT";3;"NSTP 1";"2023-2024";"2"
405;0;7;"AutoTech 213";"Power Trains and Autonatic Transmission Operation and Servicing";"COT";15;"AutoTech 111";"2023-2024";"1"
406;0;7;"ATC 211";"Automotive Electricity and Electronics";"COT";6;"None";"2023-2024";"1"
407;0;7;"Draw 213";"Computer-Aided Design 1 (CAD 1)";"COT";3;"Draw 122";"2023-2024";"1"
408;0;7;"AST 213";"Basic Pneumatic/Hydraulics";"COT";3;"AST 122";"2023-2024";"1"
409;0;7;"GEC-TCW";"The Contemporary World";"COT";3;"None";"2023-2024";"1"
410;0;7;"GEC-AA";"Art Appreciation";"COT";3;"None";"2023-2024";"1"
411;0;7;"GEC-LIE";"Living in the IT Era";"COT";3;"None";"2023-2024";"1"
412;0;7;"PATHFit 3";"Physical Activities Towards Health and Fitness 3: Dance/Sports/Martial Arts/Group Exercise/Outdoor/Adventure Activities";"COT";2;"PATHFit 2";"2023-2024";"1"
413;0;7;"AutoTech 224";"Engine Servicing and Performance Testing with Driving Education";"COT";15;"AutoTech 213";"2023-2024";"2"
414;0;7;"ATC 222";"Diesel Engine Theory and Servicing";"COT";6;"None";"2023-2024";"2"
415;0;7;"Draw 224";"Computer-Aided Design 2 (CAD 2)";"COT";3;"Draw 213";"2023-2024";"2"
416;0;7;"AST 224";"Programmable Logic Controller";"COT";3;"AST 213";"2023-2024";"2"
417;0;7;"GEE-ES";"Environmental Science";"COT";3;"None";"2023-2024";"2"
418;0;7;"GEC-MMW";"Mathematics in the Modern World";"COT";3;"None";"2023-2024";"2"
419;0;7;"PATHFit 4";"Physical Activities Towards Health and Fitness 4: Dance/Sports/Martial Arts/Group Exercise/Outdoor/Adventure Activities";"COT";2;"PATHFit 3";"2023-2024";"2"
420;0;7;"AutoTech 315";"Electronic Engine Control Management  System and Auto-Air conditioning System Service";"COT";15;"AutoTech 224";"2021-2022";"1"
421;0;7;"IM 311";"Fundamentals of Research";"COT";3;"None";"2021-2022";"1"
422;0;7;"IM 312";"Industrial Psychology and Gorup Dynamics";"COT";3;"None";"2021-2022";"1"
423;0;7;"IM 313";"Occupational Safety and Health";"COT";3;"None";"2021-2022";"1"
424;0;7;"IM 314";"Shop Supervision and Apprenticeship Training";"COT";3;"None";"2021-2022";"1"
425;0;7;"AST 315";"Workshop Management";"COT";3;"None";"2021-2022";"1"
426;0;7;"GEE-FE";"Functional English";"COT";3;"None";"2021-2022";"1"
427;0;7;"FoLa 1";"Foreign Language 1* (Nihongo 1/Korean 1/Chinese 1/Spanish 1/German 1)";"COT";3;"None";"2021-2022";"1"
428;0;7;"AutoTech 326";"Automotive Body Repair and Painting";"COT";15;"AutoTech 315";"2021-2022";"2"
429;0;7;"IM 325";"Industrial Organization and Management";"COT";3;"None";"2021-2022";"2"
430;0;7;"IM 326";"Personnel Administration";"COT";3;"None";"2021-2022";"2"
431;0;7;"IM 327";"Organizational Behavior and Work Ethics";"COT";3;"None";"2021-2022";"2"
432;0;7;"IM 328";"Product Output (Research)";"COT";3;"IM 311";"2021-2022";"2"
433;0;7;"AST 326";"Emerging Technologies";"COT";3;"None";"2021-2022";"2"
434;0;7;"GEE-TEM";"The Entrepreneurial Mind";"COT";3;"None";"2021-2022";"2"
435;0;7;"GEC-LWR";"Life and Works of Rizal";"COT";3;"None";"2021-2022";"2"
436;0;7;"FoLa 2";"Foreign Language 2* (Nihongo 2/Korean 2/Chinese 2/Spanish 2/German 2)";"COT";3;"FoLa 1";"2021-2022";"2"
437;0;7;"OJT 411";"On-the-Job Training 1";"COT";900;"4th Year Standing";"2021-2022";"1"
438;0;7;"OJT 422";"On-the-Job Training 2";"COT";900;"4th Year Standing";"2021-2022";"2"
439;0;8;"GEC-US";"Understanding the Self";"COMGENT";3;"none";"2023-2024";"1"
440;0;8;"HPC 111";"Fundamentals in Lodging Operation";"COMGENT";5;"none";"2023-2024";"1"
441;0;8;"HPC 112";"Kitchen Essential and Basic Food Preparation";"COMGENT";7;"none";"2023-2024";"1"
442;0;8;"HPC113";"Fundamentals in Food Service Operation";"COMGENT";5;"none";"2023-2024";"1"
443;0;8;"N-ABM 1*";"Organization and Managemment";"COMGENT";3;"none";"2023-2024";"1"
444;0;8;"N-ABM 2*";"Business Finance";"COMGENT";3;"none";"2023-2024";"1"
445;0;8;"N-ABM 3*";"Business Marketing";"COMGENT";3;"none";"2023-2024";"1"
446;0;8;"PATHFit 1";"Physical Activities Towards Heath and Fitness 1: Movement Competency Training";"COMGENT";2;"none";"2023-2024";"1"
447;0;8;"NSTP 1";"National Service Training Program 1 (CWTS 1/LTS 1/ ROTC 1)";"COMGENT";3;"none";"2023-2024";"1"
448;0;8;"GEC-TCW";"The Contemporary World";"COMGENT";3;"none";"2023-2024";"2"
449;0;8;"GEC-PC";"Purposive Communication";"COMGENT";3;"none";"2023-2024";"2"
450;0;8;"THC 122";"Risk Management as Applied to Safety , Security and Sanitation";"COMGENT";3;"none";"2023-2024";"2"
451;0;8;"THC 123";"Legal Aspects in Tourism and Hospitality";"COMGENT";3;"none";"2023-2024";"2"
452;0;8;"THC 124";"Professional Development and Applied Ethics";"COMGENT";3;"none";"2023-2024";"2"
453;0;8;"THC 125";"Tourism and Hospitality Marketing";"COMGENT";3;"HPC 111";"2023-2024";"2"
454;0;8;"HPC 124";"Applied Business Tools and Technologies";"COMGENT";5;"none";"2023-2024";"2"
455;0;8;"HPC 125";"Supply Chain Management in Hospitality and Industry";"COMGENT";3;"none";"2023-2024";"2"
456;0;8;"N-ABM 4*";"Applied Economcs";"COMGENT";3;"none";"2023-2024";"2"
457;0;8;"N-ABM 5*";"Fundamentals of Accounting";"COMGENT";3;"none";"2023-2024";"2"
458;0;8;"PATHFit 2";"Physical Activities Towards Health and Fitness 2: Exercise-based Fitness Activities";"COMGENT";2;"PATHFit 2";"2023-2024";"2"
459;0;8;"NSTP 2";"National Service Training Program 2 (CWTS 2/LTS 2/ROTC 2)";"COMGENT";3;"NSTP 1";"2023-2024";"2"
460;0;8;"GEC-LWR";"Life and Works of Rizal";"COMGENT";3;"None";"2023-2024";"1"
461;0;8;"GEC-MMW";"Mathematics in the Modern World";"COMGENT";3;"None";"2023-2024";"1"
462;0;8;"GEE-GSPS";"Gender and Society with Peace  Studies";"COMGENT";3;"None";"2023-2024";"1"
463;0;8;"HMPE 211";"Bread and Pastry";"COMGENT";7;"HPC 112";"2023-2024";"1"
464;0;8;"THC 216";"Macro Perspective of Tourism and Hospitality";"COMGENT";3;"None";"2023-2024";"1"
465;0;8;"THC 217";"Multicultural Diversity in Workpace for the Tourism Professional";"COMGENT";3;"None";"2023-2024";"1"
466;0;8;"HMPE 212";"Food and Beverage Service";"COMGENT";7;"HPC 113";"2023-2024";"1"
467;0;8;"GEE-PPC";"Philippine Popular Culture";"COMGENT";3;"None";"2023-2024";"1"
468;0;8;"PATHFit 3";"Physical Activities Towards Health and Fitness 3: Dance/Sports/ Martial Arts/Group Exercise/Outdoor/Adventure Activities";"COMGENT";2;"PATHFit 2";"2023-2024";"1"
469;0;8;"GEC-STS";"Science, Technology , and Society ";"COMGENT";3;"None";"2023-2024";"2"
470;0;8;"GEC-E";"Ethics";"COMGENT";3;"None";"2023-2024";"2"
471;0;8;"GEC-AA";"Arts Appreciation";"COMGENT";3;"None";"2023-2024";"2"
472;0;8;"GEE-LIE";"Living in the IT Era";"COMGENT";3;"None";"2023-2024";"2"
473;0;8;"THC 221/THC 111";"Philippine Culture and Tourism Geography";"COMGENT";3;"None";"2023-2024";"2"
474;0;8;"THC 228";"Micro Perspective of Tourism and Hospitality";"COMGENT";3;"none";"2023-2024";"2"
475;0;8;"THC 229";"Quality Service Management in Tourism and Hospitality";"COMGENT";3;"none";"2023-2024";"2"
476;0;8;"HMPE 222";"Front Office Operation";"COMGENT";5;"HPC 111";"2023-2024";"2"
477;0;8;"HMPE 223";"Bar and Beverage Management";"COMGENT";5;"HMPE 212";"2023-2024";"2"
478;0;8;"PATHFit 4";"Physical Activities Towards Health and Fitness 4: Dance/Sports/ Martial Arts/Group Exercise/Outdoor/Adventure Activities";"COMGENT";2;"PATHFit 3";"2023-2024";"2"
479;0;8;"GEE-LD";"Literatures for Development";"COMGENT";3;"None";"2021-2022";"1"
480;0;8;"GEC-RPH";"Readings in Philippine History";"COMGENT";3;"None";"2021-2022";"1"
481;0;8;"HMPE 314";"Health Spa and Wellness";"COMGENT";5;"None";"2021-2022";"1"
482;0;8;"BME 1";"Strategic Management in Tourism and Hospitality Industry";"COMGENT";3;"None";"2021-2022";"1"
483;0;8;"BME 2";"Operations Management";"COMGENT";3;"None";"2021-2022";"1"
484;0;8;"HPC 317";"Research in Hospitality";"COMGENT";5;"None";"2021-2022";"1"
485;0;8;"HPC 318/FoLA 1";"Foreign Language 1 ** (Nihongo1/Korean 1/Chinese 1/Spanish 1/German 1)";"COMGENT";3;"None";"2021-2022";"1"
486;0;8;"HPC 319/tpc 317";"Introduction to Meeting, Incentives, Conferences and Events Management (MICE)";"COMGENT";5;"None";"2021-2022";"1"
487;0;8;"GEE-KKF";"Konstekstuwalisadong Komunikasyon sa Filipino";"COMGENT";3;"None";"2021-2022";"2"
488;0;8;"GEE-FE";"Functional English";"COMGENT";3;"None";"2021-2022";"2"
489;0;8;"GEE-ES";"Environment Science";"COMGENT";3;"None";"2021-2022";"2"
490;0;8;"THC 3210";"Entrepreneaurship inTourism and Hospitality";"COMGENT";3;"None";"2021-2022";"2"
491;0;8;"HMPE 325";"Housekeeping Operations";"COMGENT";5;"HPC 111";"2021-2022";"2"
492;0;8;"HMPE 326";"Speciality Cuisine";"COMGENT";7;"HPC 112";"2021-2022";"2"
493;0;8;"HMPE 327";"Cost Control";"COMGENT";3;"None";"2021-2022";"2"
494;0;8;"HPC 3210/FoLa 2";"Foreign Language 2** (Nihongo2/Korean 2/Chinese 2/Spanish 2/German 2)";"COMGENT";3;"HPC 318/FoLa 1";"2021-2022";"2"
495;0;8;"HPC 3211";"Enrgonomics and Facilities Planning for the Hospitality Industry";"COMGENT";5;"None";"2021-2022";"2"
496;0;8;"PTP 1";"Praticum 1: Restaurant Phase";"COMGENT";700;"4th Standing";"2021-2022";"1"
497;0;8;"PTP 2";"Praticum 2: Hotel Phase";"COMGENT";700;"4th Standing";"2021-2022";"2"
